{
    "name": "playlist_import",
    "title": "A quicker playlist importer",
    "description": "A simple module designed to speed up playlist set ups.",
    "version": "1.0",
    "author": "Jacob McAuley",
    "scripts": [
        "./main.js"
    ],
    "url": "https://github.com/JacobMcAuley/playlist_import",
    "manifest": "https://raw.githubusercontent.com/JacobMcAuley/playlist_import/master/module.json",
    "download": "https://github.com/JacobMcAuley/playlist_import/raw/master/playlist_import.zip"
}